id,text,label
4741616722252546,基辛格：乌克兰危机如何收场基辛格：乌克兰危机如何收场,乌克兰
4741616718322564,好像在过去的72小时内，除了乌克兰局势以外，美国仍在空袭索马里，以色列在轰炸叙利亚，沙特在轰炸也门。但好像世界媒体都在盯着乌克兰，但却唯独忘记了这些国家。发现了吗？只要和美国有关的都没有消息，反而俄罗斯却成了领土扩张，敢问是谁先在十几年前挑的刺？难道是俄罗斯不成？美国总玩这种迂回战...全文,乌克兰
4741616709145063,#中国卫星确认乌克兰水库大坝被炸毁不实#泽连斯基还敦促俄罗斯人向普京施压“停止入侵”。江湖大乱斗的微博视频,乌克兰
4741616704685523,【#军事专家解读俄乌局势##专家称俄军尚未全力出击#】2月27日，极目新闻记者连线采访了上海政法学院东北亚研究中心副主任、军事专家杨震，他认为目前来看，俄军并未尽全力。杨震说，俄军的战略意图很简单，就是通过军事行动迫使乌克兰政府同意不加入北约，承认顿涅茨克和卢甘斯克两个共和国独立。从...全文,乌克兰
4741616692892316,应该不至于在乌克兰境内当乌奸吧，能确信的是正规俄军应该没有攻击平民，不然西方记者能坐的住？😅,乌克兰
4741616672181646,#乌克兰释放参过军的囚犯参战#？？？？囚犯拿枪？百姓拿枪？乌克兰政府没写过这些人出来了会先报复当时让他入狱的人吗？还是就是平民百姓死不死的无所谓？？？？,乌克兰
4741616672179266,打开微博看俄乌局势，打开B站疯狂补课，普京再牛逼也是个70+的爷爷了，乌克兰这个沙雕，不仅不聪明还容易被骗，赶紧投降吧，别让百姓受苦了，并入俄罗斯去，让普京爸爸教你怎么做听话的孩子,乌克兰
4741616659859289,#乌克兰释放参过军的囚犯参战#是沒人可以參戰了嗎？香港胡迪警長的微博视频,乌克兰
4741616650422059,我觉得乌克兰肯定是疯了，要不然就是全世界都跟着疯了。刚开始就是给平民发枪，这样的话就把平民给组织起来，说着要拖乌克兰，我怀疑有可能就拿着枪去0元购了。再然后就是把野兽也放了出来，这是最可怕的，因为犯人有时候脑子一热又去祸害平民了，乌克兰的这种操作真是让人看的真是服了。【...全文,乌克兰
4741616624995637,【直播：#俄乌交战第四天最新局势#】乌克兰总统办公室27日说，乌方同意在白俄罗斯与乌克兰边境同俄方进行谈判。乌方称，#俄乌会谈不带先决条件#。同日，普京命令俄罗斯战略威慑力量进入特殊战备状态。乌克兰首都基辅战况如何？会谈能否顺利开启？共同关注↓↓#俄乌会谈#人民日报的微博直播,乌克兰
4741616672179266,打开微博看俄乌局势，打开B站疯狂补课，普京再牛逼也是个70+的爷爷了，乌克兰这个沙雕，不仅不聪明还容易被骗，赶紧投降吧，别让百姓受苦了，并入俄罗斯去，让普京爸爸教你怎么做听话的孩子,乌克兰
4741616668249788,这就吓坏了？//@牙医Lina:战略威慑力量是指核武器吗,乌克兰
4741616659859289,#乌克兰释放参过军的囚犯参战#是沒人可以參戰了嗎？香港胡迪警長的微博视频,乌克兰
4741616650422059,我觉得乌克兰肯定是疯了，要不然就是全世界都跟着疯了。刚开始就是给平民发枪，这样的话就把平民给组织起来，说着要拖乌克兰，我怀疑有可能就拿着枪去0元购了。再然后就是把野兽也放了出来，这是最可怕的，因为犯人有时候脑子一热又去祸害平民了，乌克兰的这种操作真是让人看的真是服了。【...全文,乌克兰
4741616624995637,【直播：#俄乌交战第四天最新局势#】乌克兰总统办公室27日说，乌方同意在白俄罗斯与乌克兰边境同俄方进行谈判。乌方称，#俄乌会谈不带先决条件#。同日，普京命令俄罗斯战略威慑力量进入特殊战备状态。乌克兰首都基辅战况如何？会谈能否顺利开启？共同关注↓↓#俄乌会谈#人民日报的微博直播,乌克兰
4741616617655652,常常为一些或许和自己没什么关系的事难过比如俄罗斯和乌克兰打仗比如流浪猫妈妈生下六只小猫咪比如流浪狗捡垃圾吃被驱赶比如七八十岁老人捡破烂卖钱换口饭吃比如十四五岁的青少年没有脑子没有敬畏之心比如太多了人如果没有共情力或许会活的轻松一些,乌克兰
4741616613461207,战争之下，普通乌克兰人如何度过日常？2月27日，俄乌战事进入第四日，战斗已经在乌克兰首都基辅的街头打响。我们此前连线了一位正在掩蔽所内的基辅居民，试图了解战争之下普通人如何度过日常。三联生活周刊的微博视频,乌克兰
4741616605073061,#乌克兰释放参过军的囚犯参战#下一步，乌克兰军队把18岁以上青年男女全部抓去参战。能不能来个组织把喜剧演员绑架或者暗杀了,乌克兰
4741616604811479,#乌克兰释放参过军的囚犯参战#疯批演员就是想抱紧丑爹把自己国家和大毛拖垮顺便培养恐怖组织而已丑约抱团歪屁股你议员还忙着讨论怎么给蜜蜂立法当快乐养蜂人呢疯批快💩,乌克兰
4741616583838380,#俄罗斯战略威慑力量转入特殊战备状态#！！！没事少惹俄罗斯，看起来俄罗斯想开大了，你说乌克兰当初何必呢？一开始大家和和气气的不好吗？非要去搞北约。,乌克兰
4741616613461207,战争之下，普通乌克兰人如何度过日常？2月27日，俄乌战事进入第四日，战斗已经在乌克兰首都基辅的街头打响。我们此前连线了一位正在掩蔽所内的基辅居民，试图了解战争之下普通人如何度过日常。三联生活周刊的微博视频,乌克兰
4741616605332615,#乌克兰总统确认谈判在乌白边境举行#希望谈判顺利美国想要通过各种手段制裁俄罗斯，继续维护美国，美元的全球霸主地位。乌克兰政府，乌克兰人民连棋子都算不上。,乌克兰
4741616605073061,#乌克兰释放参过军的囚犯参战#下一步，乌克兰军队把18岁以上青年男女全部抓去参战。能不能来个组织把喜剧演员绑架或者暗杀了,乌克兰
4741616604811479,#乌克兰释放参过军的囚犯参战#疯批演员就是想抱紧丑爹把自己国家和大毛拖垮顺便培养恐怖组织而已丑约抱团歪屁股你议员还忙着讨论怎么给蜜蜂立法当快乐养蜂人呢疯批快💩,乌克兰
4741616583838380,#俄罗斯战略威慑力量转入特殊战备状态#！！！没事少惹俄罗斯，看起来俄罗斯想开大了，你说乌克兰当初何必呢？一开始大家和和气气的不好吗？非要去搞北约。,乌克兰
4741616574667212,大家都散了吧，俄乌谈判了，战争结束。乌克兰总统坚决不离开首都基辅，所以俄罗斯没有强攻占领，有了谈判的基础。乌克兰答应中立，俄罗斯战略目的达到了。规避战争的资本回流美国，美国成为赢家。美欧亮出“杀手锏”将俄踢出SWIFT系统！利好我们的数字货币。好像这场战争除了乌克兰，都是赢家！...全文,乌克兰
4741616558673920,#中国驻乌克兰使馆称包机撤侨的方案很难执行#这词条下面指责自己国家的真是让人开了眼了，你这么能耐怎么不自己去接人😅,乌克兰
4741616557887015,潜龙爆料幽默话题普京一声令下，俄军坦克已开进乌克兰！美国喊话中国“帮个忙”？#潜龙爆料幽默话题##蛛网搜奇趣##杭州##我的大余杭#潜龙爆笑的微博视频,乌克兰
4741616549495385,俄罗斯的目的不是占领乌克兰，而是逼迫乌克兰签订城下之盟。俄罗斯的进攻还是很克制的。,乌克兰
4741616545302038,【恶俗调侃“乌克兰美女来中国”，#多个账号发布俄乌局势不当言论被处置#】近日，国际局势引发网友关注热议，网络平台发现有极个别网友发布“俄乌战争持久化，乌克兰美女来中国”等具有恶俗调侃、宣扬对立意味的不恰当、不友善言论，相关账号已被平台处置。请大家理性发言，不要调侃造谣战争！...全文,乌克兰
4741616432317237,【#俄乌信息战进入白热化#】2月27日，俄乌冲突持续，双方对战况各执一词，这意味着信息战已拉开帷幕。关于蛇岛事件疑云、乌克兰总统泽连斯基身处何地、以及双方损失等问题，俄乌释放互斥的信号。究竟视频的微博视频,乌克兰
4741616423935513,#俄乌局势#乌克兰释放囚犯参战，希望在战时状态保卫国家！户外蜀黍的微博视频,乌克兰
4741616416329047,在乌克兰切尔尼戈夫州科留基夫卡站，许多平民走在路上，阻止俄罗斯装甲部队前进。他们毫无畏惧地迎着俄罗斯的装甲车走过去，俄军也没有失去理智对他们开枪或碾压。希望战争能尽快停止，让所有爱好和平的人们都能够在路上自由地散步#俄乌局势观察团##v光计划#老陶在路上的微博视频,乌克兰
4741616412397354,#关注俄乌局势最新进展#英国外交大臣支持英国人前往乌克兰作战，说如果有英国人想去乌克兰作战，她全力支持，她是在配合泽连斯基建立外国部队的命令！#乌克兰局势#泽连斯基为了同俄军作战，不仅向民众发枪，还计划释放重刑犯要求他们同俄军作战立功赎罪，现在泽连斯基又想出了一个新想法，允许...全文,乌克兰
4741616407416843,巷战是“绞肉机”，是屠宰场，胜方败方的损失都会非常惊人。一整座城市都在尖叫，都在撕心裂肺的哭诉，有比这更恐怖的事情吗？车臣军队奔赴乌克兰战场就是为了打巷战做准备的！俄罗斯不是美国，普京不会因为伤亡惨重就会影响斗志。最残酷的战争即将到来…网页链接,乌克兰
4741616370453457,波兰边防部门：共有15.6万乌克兰难民已进入波兰！#观世界##俄罗斯乌克兰#校园学霸君的微博视频,乌克兰
4741616353415042,【中国驻乌克兰使馆：除包机撤侨外，还在协调中国公民以其他方式离开乌克兰】#中国驻乌克兰使馆正协调其他方式撤侨##中国驻乌克兰使馆称包机撤侨的方案很难执行#（环球时报）#岳阳团团在你身边#黑龙江共青团的微博视频,乌克兰
4741616340834819,这几天的国际新闻给我看emo了，吃早饭放空的时候脑子里还在想一个又一个的西欧国家支援了乌克兰、车臣行不行、这边制裁那边不肯谈判、一些裹了小脑的网友还在玩梗。。。。明明一周前，我们还在刷着我的冠军朋友谷爱凌，美强惨柚子收到了两万多封信，冰墩墩旋4A，吐槽山猪吃不了细糠，列强竟是我自己。...全文,乌克兰
4741616339782823,#俄罗斯战略威慑力量转入特殊战备状态#美方回应说不可接受的时候就没想过北约东扩的结果很大概率会上演另一次古巴导弹危机？还是蜜汁自信反正已经在别人头上拉了那么多次屎了再多拉一次无所谓？一切都源于北约扩张的无限野心和严重误判，还有乌克兰作为一个加在两大军事力量之间的缓冲区，坚定的倒向一...全文,乌克兰
4741616331916093,#中国驻乌克兰使馆称包机撤侨的方案很难执行#看见广场有人说，印度用车把人拉到周边国家，然后从其他国家飞。这个方法很好啊，可以试试看呀，愿一切顺利，平安回家。,乌克兰
4741616353415042,【中国驻乌克兰使馆：除包机撤侨外，还在协调中国公民以其他方式离开乌克兰】#中国驻乌克兰使馆正协调其他方式撤侨##中国驻乌克兰使馆称包机撤侨的方案很难执行#（环球时报）#岳阳团团在你身边#黑龙江共青团的微博视频,乌克兰
4741616340834819,这几天的国际新闻给我看emo了，吃早饭放空的时候脑子里还在想一个又一个的西欧国家支援了乌克兰、车臣行不行、这边制裁那边不肯谈判、一些裹了小脑的网友还在玩梗。。。。明明一周前，我们还在刷着我的冠军朋友谷爱凌，美强惨柚子收到了两万多封信，冰墩墩旋4A，吐槽山猪吃不了细糠，列强竟是我自己。...全文,乌克兰
4741616339782823,#俄罗斯战略威慑力量转入特殊战备状态#美方回应说不可接受的时候就没想过北约东扩的结果很大概率会上演另一次古巴导弹危机？还是蜜汁自信反正已经在别人头上拉了那么多次屎了再多拉一次无所谓？一切都源于北约扩张的无限野心和严重误判，还有乌克兰作为一个加在两大军事力量之间的缓冲区，坚定的倒向一...全文,乌克兰
4741616331916093,#中国驻乌克兰使馆称包机撤侨的方案很难执行#看见广场有人说，印度用车把人拉到周边国家，然后从其他国家飞。这个方法很好啊，可以试试看呀，愿一切顺利，平安回家。,乌克兰
4741616327465144,#近万法军进入战备状态#不要打了不要打了。天呐。我现在好怕中国是下一个俄罗斯。劳民伤财。乌克兰政府也不管百姓死活。好像有那个大病。真是社会的边角料。俄罗斯想谈判都不行。那个总统天天穿那个破线衣演讲。能不能为你的子民想一想。他们是无辜的。他们不是你政治的牺牲品。哈尔滨,乌克兰
4741616285518932,【#俄乌冲突或影响中东面粉供应#】俄罗斯是全球头号小麦出口国，乌克兰也是主要小麦出口国之一。总部设在美国首都华盛顿的智库机构“中东研究所”指出，随着俄乌冲突持续，埃及、叙利亚、黎巴嫩等以大饼为主食的多个中东国家面粉供应可能会受到影响。埃及是世界上人口最多的阿拉伯国家，近年来每年进口...全文,乌克兰
4741616281326508,#永远不要拿战争开玩笑#用美国在拿战争开玩笑好吧？是中国网民的话伤害乌克兰，还是乌克兰当局伤害乌克兰人民？乌克兰人民不怪美国不怪北约还能怪罪到中国人民身上？如果真枪炮火伤不到乌克兰，互联网言论却使其崩溃进而用真枪炮火伤及在乌克兰的中国人，那是乌克兰公民自身的问题！,乌克兰
4741616230731826,波兰心中骂死了美英吧！美英嘴上说接受难民，但只能接受有钱的，有钱才能坐得上飞机，而穷人难民，只能通过边境上波兰。而且未来是疫情扩散隐患。【快讯！约翰逊：#英国愿意接收来自乌克兰的难民#】俄罗斯卫星通讯社27日刚刚消息，英国首相约翰逊称，英国愿意接收来自乌克兰的难民。报道称，约翰...全文,乌克兰
4741616226535061,#俄乌大战的结局会是什么#制裁、冻结资产、制约寡头…俄罗斯不可能长期游离于国际体系之外，普京能得到1）亲俄的乌克兰政府，2）战略威慑北约无法东扩，就是胜利。如果顿涅茨克和卢甘斯克“独立”区未来能参照克里米亚模式公投入俄，则是大胜。,乌克兰
4741616209762532,凤凰卫视在乌克兰的战地记者卢宇光被骂，此人在采访时候，公然引导舆论立场，在采访乌克兰当地人的时候，对方表示被基辅自己人攻击，想欢迎俄罗斯人到来，结果卢宇光这哥们转头对着镜头说乌克兰当地人说的不是真的……之前这哥们还吐槽说乌克兰人华人被欺负的根源是我们网友的嘲讽。卢宇光这人是怎么...全文,乌克兰
4741616142653541,#俄乌谈判#【#俄乌会谈一天之内为何多次反复#？直播解读！】目前，乌克兰首都基辅战况如何？#俄乌正式会谈#能否顺利开启？将俄罗斯部分银行排除出SWIFT，是否是美欧对俄发动的“金融核战”？一边不断给俄乌谈判“浇冷水”，一边加紧给乌克兰塞武器，美国操控乌克兰局势背后有哪些企图？看↓...全文,乌克兰
4741616130330226,讲真，普通乌克兰人对俄军的抵抗似乎抵抗也没有宣传的那么大，如果民众袭击俄军的事件非常高发，俄军应该完全不是现在这种大大咧咧的状态，他们对普通乌克兰人并没有表现出紧张、警惕。,乌克兰
4741616067678186,周六（26日）是俄罗斯入侵乌克兰第三天，俄军遇到强烈抵抗，战情胶着。外界关注，两国在全球粮食供应中占据重要地位，粮食安全问题或波及全球。美国政客（Politico）报导，本周早些时，芝加哥期货交易所（ChicagoBoardofTrade）的小麦期货飙升6%，至每蒲式耳（Bushel）约9.34美元，为九年来的最高...全文,乌克兰
4741616017080440,2022-2-27｜诵读药师琉璃光如来本愿功德经三部回向世界和平！俄罗斯乌克兰早日休战、回归和平谈判。人民重回安定生活。全球疫情早点消散。众生齐心合力共建和平未来。慈悲与智慧生发。祈请佛菩萨们加被！🙏,乌克兰
4741615996109452,【普京：#俄罗斯战略威慑力量转入特殊战备状态#】俄罗斯和乌克兰的战事牵动这个世界政要的心，也牵动普天下所有老百姓的心！转入“特殊战备状态”是释放了新的信号吗？希望乌克兰和俄罗斯马上能够坐下来谈判，以减少更多人的流血牺牲，给这个世界以和平安全。开战已经第四天，但愿战事能早一天停下来。...全文,乌克兰
4741615983791714,【#乌克兰女兵约占10%#】#超过3万名乌克兰女性在服兵役#乌克兰本周宣布进入国家紧急状态，所有适龄男性国民强制服兵役，且18岁至60岁的乌克兰男性不得离开乌克兰。一旦军事对抗加剧，那么，乌克兰军队中还可能会出现更多女兵。由于缺乏足够的男兵，自2014年起，乌克兰就加强了女性士兵的招募，迄今为...全文,乌克兰
4741615971996230,当前：乌克兰局势变化由于在安理会中国投了弃权票以及各方面原因乌克兰比较排华祝在乌克兰的同胞安好！#俄罗斯##乌克兰##关注俄乌局势最新进展#,乌克兰
4741615967541087,俄罗斯有一名战士，在乌克兰的炮火下为了保护一对乌克兰母女牺牲，女孩子好像也没能救下来，只剩母亲抱着这名敌军士兵的遗体痛哭。乌克兰则给自己的子民发枪，让他们上战场，还轰炸自己的国土！人家俄罗斯都顾忌着没炸！这在亡国战争里（如果乌克兰是这么认为的话）倒也没太大错，但你总统跑路了是怎...全文,乌克兰
4741615958625212,乌克兰战争是普京永远无法打赢的一场战争，并将是普京衰落的开始一、乌克兰战争与普京此前的每一场战争都不同普京之前至少在名义上赢得了四场战争：车臣、格鲁吉亚、克里米亚、叙利亚。这四场胜利显著增强了普京的信心，于是他幻想着用乌克兰战争来彻底稳定俄罗斯的安全前景，但当他决定全...全文,乌克兰
4741615958362607,车臣首领带车臣武装力量将赴乌克兰执行任务，车臣特种部队可不是开玩笑的，高加索山人的彪悍凶残足以令世界任何国家军队胆寒，他们仅次于美国特种部队的实战经验丰富的特种兵#车臣武装对战局有何影响#马后炮爱上新鲜事的微博视频,乌克兰
4741615958625212,乌克兰战争是普京永远无法打赢的一场战争，并将是普京衰落的开始一、乌克兰战争与普京此前的每一场战争都不同普京之前至少在名义上赢得了四场战争：车臣、格鲁吉亚、克里米亚、叙利亚。这四场胜利显著增强了普京的信心，于是他幻想着用乌克兰战争来彻底稳定俄罗斯的安全前景，但当他决定全...全文,乌克兰
4741615958362607,车臣首领带车臣武装力量将赴乌克兰执行任务，车臣特种部队可不是开玩笑的，高加索山人的彪悍凶残足以令世界任何国家军队胆寒，他们仅次于美国特种部队的实战经验丰富的特种兵#车臣武装对战局有何影响#马后炮爱上新鲜事的微博视频,乌克兰
4741615954167053,【#在乌华人小伙回国陷入两难#：只能带走两个孩子，妻子没中国护照】近日，一位生活在乌克兰的中国小伙，发布的一则视频引发网友热议，视频中小伙表示：祖国已派包机来乌接华人回国，而他面临艰难选择：如果搭机回国，最多能带走自己的两个孩子，而乌克兰籍妻子没有中国护照，意味着如果自己回来就丢下...全文,乌克兰
4741615949979612,【#为什么美国和北约不出兵#？】熟悉乌克兰局势的欧美学者指出，乌克兰并非北约成员国，而且美国和欧洲国家原本也不认为乌克兰在未来几年能真正加入北约，这局限了美国和北约成员国能介入战争的程度。为什么美国和北约不出兵？,乌克兰
4741615933723968,"乌克兰蛇岛SnakeIsland,alsoknownasSerpentIslandorZmiinyiIsland，isanislandbelongingtoUkrainelocatedintheBlackSea,neartheDanubeDelta,withanimportantroleindelimitingUkrainianterritorialwaters.Theislandhasbeenknownsinceclassicalantiquity,an...全文",乌克兰
4741615913271821,普京：美国顾问指导了乌克兰民粹分子们，计划在于与俄罗斯军队战斗时，民粹分子们将攻击乌克兰百姓，嫁祸俄罗斯军方这与恐怖分子无疑。普京呼吁乌克兰军方夺权以保护自己的家人们不要成为肉盾。美国顾问很熟悉这一套——普京应该公开911真相【自导自演】证据，彻底颠覆美利集团。,乌克兰
4741615913015023,俄罗斯女演员利亚·阿赫扎科娃发表声明称把自己10000美元积蓄捐给了乌克兰军队。,乌克兰
4741615892038667,看到东欧的前华约国家捷克波兰等支撑乌克兰的消息人的倾向性还是由生活经历来的常说日久生情，但捷克这几个国家和苏联一起四十多年，也没任何感情人家跑欧洲去也三十年了，并没有闹出多少怨愤来俄国人，怎么就对其他国家人没有吸引力呢？,乌克兰
4741615883649411,#乌方称会谈将在无先决条件情况下举行#【乌克兰总统办公室：俄乌会谈将不带先决条件】当地时间27日，乌克兰总统办公室表示，俄罗斯和乌克兰代表团在白俄罗斯的会谈将不带先决条件。乌总统办公室还表示，白俄罗斯总统卢卡申科负责确保在俄乌谈判期间，所有军事设备都留在原地。（央视）,乌克兰
4741615883392980,乌克兰人民有点不幸，遭遇战争，战区的生命安全无法保证，在乌克兰经商的外国人纷纷离开，祖国已派专机接回在乌中国人，生活条件好了，最希望和平稳定，不要破坏这平静的生活节奏，而那些生活条件较差的希望通过战争得到改善，反正没钱，开战了也许能发比横财，战死沙场也不足惜。嘉兴,乌克兰
4741613690029463,【乌克兰许多平民在切尔尼戈夫州科留基夫卡站出来阻止俄罗斯装甲部队前进】#俄乌局势##乌克兰局势#（视频来源网络）兔子军事分享的微博视频,乌克兰
4741613626851519,中国驻乌大使提醒：不要出于好奇，在乌克兰拍这拍那！武力统一的微博视频,乌克兰
4741613626067990,如果俄罗斯对乌克兰发动的战争还不是侵略，请问什么是侵略？如果一个国家的军队狂轰滥炸长驱直入另一个主权国家的领土不叫侵略，请问世界上还有没有侵略？但是在中国就有个很重要的部门人一直不承认这是侵略，非要说是一次特别的军事行动！这个部门到现在还没有完成乌克兰撤侨行动！,乌克兰
4741613610337384,#乌克兰释放参过军的囚犯参战#疯了疯了，这个疯批演员要乌克兰人民死绝吧！！,乌克兰
4741613576258239,前段时间拜登公开表示俄罗斯会进攻乌克兰，在时间上被打了脸之后仍信誓旦旦表示“入侵几天内会发生”，当时不管看外网内网，多人都是不相信的，后来就真发生了。如果这是美国情报机构的功劳，那还是有点东西的。#俄罗斯战略威慑力量转入特殊战备状态#,乌克兰
4741613572590048,#俄罗斯战略威慑力量转入特殊战备状态#几点不理解：1、普京己经动手，而且目标目的已经公开做了声明：乌克兰非军事化、中立；2、对俄罗斯的制裁基本已经用尽，普京不达目的肯定不会退兵，制裁不可能让普京退兵；3、乌克兰战事不息，欧洲就无宁日，欧洲各国最理智的做法应该是尽量撮合乌克兰与俄罗斯和...全文,乌克兰
4741613559482756,#乌克兰释放参过军的囚犯参战#醒醒吧，乌克兰的人民，这个政府不配你们去守护！潍坊,乌克兰
4741613555026612,乌克兰时局图：格林尼治时间2月25日18点（左）vs2月26日18点（右）的鹅占区变化,乌克兰
4741615808158649,俄乌冲突新变化及解读俄乌冲突复杂化。1、多国对乌克兰进行军事援助，北约防御措施加强，如德国的路线发生重大变化，强调德国“有责任尽其所能地支持乌克兰抵御俄罗斯军队”。2、乌克兰拒绝“最后通牒”，乌总统呼吁接纳乌加入欧盟。3、俄方代表团已经抵达白俄罗斯与乌方进行谈判，但乌克兰拒绝，俄...全文,乌克兰
4741615761495432,#乌克兰释放参过军的囚犯参战#这两年发生的事真的是一件比一件出乎所料六公主现在正播银河护卫队还是得看六公主,乌克兰
4741615715619914,#关注俄乌局势最新进展#对比伊拉克战争，一些人认为俄军同美军存在较大差距，其实通过观察就会发现，俄军并不是没有美军作战能力，而是俄军自己限制了行动规模！#乌克兰局势#除了俄军主动控制规模之外，还有其它方面原因，俄乌战争远比伊拉克战争要复杂，比如地理方面，乌克兰面积大于伊拉克，...全文,乌克兰
4741615707488305,俄罗斯谈判代表团已抵达白俄罗斯，但是泽连斯基再次拒绝了。两方均有达成谈判的意愿，但是乌克兰方面意思是在白俄罗斯不接受。消息面上，北约又是送钱，又是送武器，又是送物资，这也给乌克兰一点底气，所以感觉不够诚意！其实，双方谁占据上方，谁就有谈判的主动权，不难理解目前双方都想给自己长点脸...全文,乌克兰
4741615698052724,【#俄方称乌克兰同意在白俄罗斯会谈#】据央视，俄罗斯代表团团长梅津斯基表示，乌克兰已同意在白俄罗斯戈梅利地区举行会谈，俄罗斯代表团将前往该地区。梅津斯基表示，俄罗斯随时准备与乌克兰谈判以实现和平。此前27日，俄罗斯总统普京在电话中告诉以色列总理贝内特，俄罗斯已经准备好在白俄罗斯戈梅...全文,乌克兰
4741615690973896,粉丝投稿:印度让侨民到匈牙利布达佩斯，然后撤侨了。。。#乌克兰不接受最后通牒#,乌克兰
4741615686258516,#中国驻乌克兰使馆称包机撤侨的方案很难执行#这条下面还在yygq怪中国和政府的你TM真的是50万吧为啥中国要撤侨因为战争为啥有战争因为北约东扩怪国家的你们是不是太本末倒置了玛德现在看见美国2个字就想,乌克兰
4741615685473650,#意识形态要闻#【滴滴出行改口：滴滴出行在俄罗斯当地的业务不会关闭】2月26日下午，@滴滴出行通过官方微博宣布，滴滴出行在俄罗斯当地的业务不会关闭，未来将在俄罗斯继续运营并持续服务好司机和乘客。此前，当地时间2月21日，在#乌克兰局势#微妙之时，滴滴俄罗斯官网宣布了将于3...全文,乌克兰
4741615619151764,普大帝是战略高手，也是战术专家，今天命令俄罗斯战略威慑力量进入特殊战备状态，这个命令发出，乌克兰马上就同意在白俄罗斯谈判了，这是一个非常妙的绝杀！一招出棋，直接封死美国和北约！你们如果再支持乌克兰，对不起，后面就是核战争！同时，也直接封死乌克兰对美国和北约的所有希望之路，只能去谈...全文,乌克兰
4741615605777878,#中国驻乌克兰使馆称包机撤侨的方案很难执行#确实挺难的，中国在乌的华人华侨实在是太多了，不好一次性撤完吧。印度至今也才撤了两班飞机四百多个印度人而已，中国在乌侨民数量起码是这个的十倍呀！,乌克兰
4741615605777878,#中国驻乌克兰使馆称包机撤侨的方案很难执行#确实挺难的，中国在乌的华人华侨实在是太多了，不好一次性撤完吧。印度至今也才撤了两班飞机四百多个印度人而已，中国在乌侨民数量起码是这个的十倍呀！,乌克兰
4741615598441100,自己国家还有好多娃上学困难呢，跑去给炮击乌东八年的乌克兰捐款，这种人已经不能说是圣母了，简直是舍身喂虎。不过可惜，这只老虎吃不饱。#价值投机fan#,乌克兰
4741615581661052,#乌安全部门被曝或换俄军服发动攻击#乌克兰的操作确实很迷惑，如果真是这样，更多的是卑鄙了，但是西方控制了舆论，乌克兰人未必会相信自己的政府会做这种伤害老百姓的事。,乌克兰
4741615573008448,#乌克兰释放参过军的囚犯参战#是监狱管不起饭了还是想节约自己的子弹,乌克兰
4741615556495468,#乌克兰释放参过军的囚犯参战#我靠我昨天还看到一个在乌克兰留学的学生发的视频，大半夜都在担惊受怕，只到4点才睡，醒来发现离他们家2公里的居民楼被炸了，在乌克兰的同胞要平安啊！,乌克兰
4741615552561266,前大阪府知事、日本第二大在野党日本维新会创始人桥下彻发推表示：“那些声称‘自己与乌克兰同在’，呼吁乌克兰抗击到底的日本人，应该直接去战场上参战。”“在日本街头举乌克兰国旗屁用没有。”桥下甚至贴出了乌克兰招募外籍部队的链接：“说要和乌克兰并肩战斗的日本国会议员就赶紧报名参战吧，看...全文,乌克兰
4741615548108296,#普京称乌克兰未抓住谈判机会#对俄罗斯关闭领空的国家地区,乌克兰
4741615539722058,🐑薅乌克兰美女”如此闻名，以至于在俄乌局势成为世界焦点之前，对这片土地的讨论，几乎全部聚焦在“美女”上。战争爆发之后，一些关于“乌克兰美女”的戏谑，在网络空间里膨胀。这些戏谑的背后，是同情心的缺失，是对他人苦难的漠视，也是因为，很多人并不了解乌克兰女性真正的处境。战火之下...全文,乌克兰
4741779628754074,肖战#肖战#xz#肖战正能量艺人#【肖战肖战正能量艺人】穿越国界、语言。这个冬天，梦想将被点燃，我要亲吻你冰雪的眼睛。多少改变，初心未变，我要实现我的梦。一场冬奥会宣传，让我们知道了他会滑冰，一曲《SomethingJustLikeThis》，让我们见识到了他标准的英语发音。肖...全文,冬奥会
4741779590743030,#劳动时评#【促进职场人加强健康运动这篇大文章要抓紧布局】北京冬奥会虽已落幕，运动热却在持续升温，这场全球体育盛事鼓励并激发了许多人开始运动的心。近日，在“申工社”开展的一项针对职场人运动习惯的小调查中，参与投票的3250人里有2331人会在8小时工作之余运动一下，比例达到了72%；按照自身兴...全文,冬奥会
4741779422712040,"“我觉得就是做到自己最不可能做的地方，然后尽自己最大的努力去做,我觉得这个也是挑战不可能”@TFBOYS-易烊千玺🌸#易烊千玺宝马新生代代言人#🌿#易烊千玺蒂芙尼全球品牌代言人#🌸#罗莱家纺品牌代言人易烊千玺#🌿#易烊千玺雀巢咖啡品牌代言人#🌸...全文",冬奥会
4741779193073299,今天去了2002年冬奥会的雪场，还看到了日晕☀️,冬奥会
4741778098094314,【20:00！#中国新闻网连麦冰壶男队#】#微观北京冬奥#北京冬奥会上，既考验选手体能又考验脑力的冰壶比赛让网友们大呼有趣又刺激！28日20:00，@中国新闻网联合@新闻种草官连麦中国国家男子冰壶队@curling许静韬@Curling邹强@马秀玥curling@curling王智宇，想问他们什么问题快来留言吧！...全文,冬奥会
4741777993501776,北京2022年冬奥会开幕式，哪一幕让你记忆犹新？一起来回顾北京2022年冬奥会开幕式的精彩瞬间吧！奥林匹克运动会的微博视频,冬奥会
4741777887593960,冰墩墩收冰墩墩和雪容融，青岛本地当面交易或者海鲜市场。台湾客户看了冬奥会后特别喜欢，想让我帮忙弄一个。感谢感谢。,冬奥会
4741777766221239,【#普通人什么时候能去冰丝带滑冰#？】北京2022冬奥会结束后，这些冬奥场馆将怎样利用？我们可以去“冰丝带”滑冰吗？北京冬奥组委媒体运行部部长徐济成向大家透露了一个小秘密，快来听一听！网友：已经迫不及待了！（央视频号：开讲啦）央视频的微博视频,冬奥会
4741777736598229,鉴于冬奥会中国开始笔画排序，英国要求改名“一国”。首尔想改成“0尔”,冬奥会
4741777427268820,【数字人民币可以开展跨境支付和国际合作试点】抢购冰墩墩、“碰一碰”付款……借助北京冬奥会，数字人民币完成了全球首秀，成为各方关注焦点。俄罗斯专家赞叹，数字人民币展示中国在金融领域的创新成就，北京冬奥会也将因数字人民币载入史册。数字人民币是冬奥村一个美丽的“例外”。原本，由于冬奥...全文,冬奥会
4741776924215886,冬奥会中国到底赚了多少钱？日本气的，部分人提前包机回国！？#财经##冬奥会#冬奥会已经结束了，而大家也都知道，这次中国冬奥会取得了完美的成功，奥委会主席巴赫，更是高度赞扬中国冬奥会，并且给中国颁发了奥林匹克奖杯，而这个奖杯大家也都知道，东京奥运会可是没有，而巴赫更是用了4个字...全文,冬奥会
4741776725772443,"今天是#2月最后一天#，在这个月，我们共同经历了春节、北京冬奥会和元宵节，留下了许多珍贵而又美好的回忆。3月将至，万物复苏，请继续全力以赴地奔跑，迎接春天的到来。#你好,早安#",冬奥会
4741364296450372,#羽生结弦##冬奥会#羽生结弦也有被嫌弃的时候！但这么可爱当然是选择原谅他呀~剧组小跟班的微博视频,冬奥会
4741776633500320,#冬奥气象100问#为什么冬奥会多在2月举办？山东天气的微博视频,冬奥会
4741776440819814,寒国人对拆那肯定是真爱吧…stss运动员综艺上了个遍自己家门口开的冬奥会也没这么积极但凡积极一点小林也不会只有一个黄金渔场,冬奥会
4741776328623554,北京冬奥会，给中国注入动力和活力北京冬奥会，给中国注入动力和活力,冬奥会
4741776181562410,#搞手#急招客服人员，一天200左右要求24岁以上，工作时间是2～8小时，服务态度好就可以做，手机，电脑就都可以了操作，在家就可以做，想做的网友们私信我。#冬奥会哪一瞬间最打动你#,冬奥会
4741776022175854,#韩剧二十五二十一#有个韩综请了粉红头发的那群跑速滑的运动员，又再那阴阳怪气的内涵冬奥会裁判规则怎么不上热搜,冬奥会
4741775983643017,【公安部通令嘉奖全国公安机关圆满完成2022年北京冬奥会安保维稳任务】公安部日前发布命令，分别对圆满完成2022年北京冬奥会安保维稳任务的全国公安机关和北京、河北公安机关予以通令嘉奖。公安部通令嘉奖全国公安机关圆满完成2022年北京冬奥会安保维稳任务,冬奥会
4741775983643017,【公安部通令嘉奖全国公安机关圆满完成2022年北京冬奥会安保维稳任务】公安部日前发布命令，分别对圆满完成2022年北京冬奥会安保维稳任务的全国公安机关和北京、河北公安机关予以通令嘉奖。公安部通令嘉奖全国公安机关圆满完成2022年北京冬奥会安保维稳任务,冬奥会
4741775980494866,口译【口译现场】羽生结弦2022北京冬奥会记者会同传实录网页链接,冬奥会
4741775761871274,【我市中小学首个旱冰壶训练馆建成】趁着我国举办2022年冬奥会的东风，镜湖区解放西路小学掀起了冰雪运动热。该校建起了我市中小学首个旱冰壶训练馆，很快该校将成立学生冰壶运动队。昨天，记者在解放西路小学旱冰壶训练馆现场看到，四条旱冰壶赛道两长两短，几十个红、黄两色的崭新冰壶整齐地被摆放...全文,冬奥会
4741775644427093,口译【行业资讯】揭秘北京冬奥会采用的远程同声传译【行业资讯】揭秘北京冬奥会采用的远程同声传译,冬奥会
4741775615590821,中国文化#中国教育##杨柳青青林春增##军人退伍生活营区#分享视频:《千手观音》第六代演员是艺术团第一批探索以团带校，从小开始培养的演员，入学时10至12岁，现在平均年龄25岁，出访几十个国家，相继参与了2008年北京残奥会、2020年、2021年中央广播电视总台春节联欢晚会、平昌冬奥会闭幕式北...全文,冬奥会
4741775477179377,【聊城：剪纸艺人“剪”出冬奥会中国健儿冠军榜】刚刚结束的北京冬奥会赛场上，中国冰雪健儿争金夺银，超越自我的瞬间，一次次振奋人心。赛场之外，来自山东聊城剪纸非遗传承人鲍凤华同样引来关注，她第一时间用剪纸作品呈现出北京冬奥会上中国代表团的夺冠时刻，展现了中国传统文化的独特魅力。...全文,冬奥会
4741775401158240,口译【口译现场】国际奥委会主席巴赫2022北京冬奥会发布会现场同传【口译现场】国际奥委会主席巴赫2022北京冬奥会发布会现场同传,冬奥会
4741775371797968,#徐峥说拍短道速滑很不容易#本来想蹭冬奥会的，没想到呀……不过一般明星这种出轨小三都死不承认，这个男的直接认下来了，搞得粉丝洗都没得洗,冬奥会
4741775232601274,【经济日报：央行数字货币未来可期】经济日报刊文称，借助北京冬奥会，数字人民币完成了全球首秀，成为各方关注焦点。俄罗斯专家赞叹，数字人民币展示中国在金融领域的创新成就，北京冬奥会也将因数字人民币载入史册。如今，数字货币正成为全球金融发展的大趋势。截至目前，已有110多个国家和地区在不...全文,冬奥会
4741774754975159,中国北欧两项队#围观冬奥会#开学了可惜我被疫情阻挡了,冬奥会
4741774532676651,羽生结弦冬奥会过后，我就入了柚子坑，而无法自拔，我想我给柚子逼疯了#是柚子呀#,冬奥会
4741774503578112,裴建新互动冬奥会，俄乌局势这么紧张，他都能出来蹭个热度，也是不容易。#邓超说春晚表演是在和撒贝宁互动#,冬奥会
4741774503051935,别再回味❄️冬奥会闭幕式的惊艳，不妨来敦煌打卡📷这20件必做的事，感受纯正🇨🇳国风style吧！快来呀快来呀#冬奥会##敦煌夜市#『冬奥会荣耀落幕，是时候去敦煌感受纯正中国风！』冬奥会荣耀落幕，是时候去敦煌感受纯正中国风！,冬奥会
4741774004979858,无舵雪橇冬奥“躺赢”项目，躺稳了比赛也就赢了！北京冬奥会#金牌混剪#娱圈贰爷的微博视频,冬奥会
4741773954385054,【#周冠宇对谷爱凌苏翊鸣印象深刻#】@车手周冠宇也关注了2022年北京冬奥会中国健儿的表现，他对谷爱凌（@青蛙公主爱凌）和@苏翊鸣的印象深刻，称大家都是为国争光付出了很多。#中国F1第一人#F1北京2022年冬奥会新浪赛车的微博视频,冬奥会
4741773924238807,#谜赛小结#【决赛第三场竞猜情况杂议】一、谜题揭底及筒析：5分题——1、山舞银蛇（冬奥会赛场昵称）：雪游龙。[指津]国家雪车、雪撬中心昵祢''雪游龙''。面句摘自毛伟人《沁园春/雪》，形容大雪中的群山犹如银蛇在舞。民俗中龙与蛇有密切关联，如十二生肖中属蛇又称属小龙、...全文,冬奥会
4741773488031210,【“有望成为下一个《人世间》”！“青岛出品”剧集《光阴里的故事》央视开播】虎年伊始，青岛题材、青岛出品剧集爆款不断。继速滑题材剧集《超越》登上央视一套、北京冬奥会授权剧集《冰雪之名》卫视联播之后，又一部以青岛为背景的现实主义题材剧《光阴里的故事》官宣：2月20日，这部精品剧集通过央...全文,冬奥会
4741773237422557,#在路上看中国##交通有多凡尔赛##哈铁故事#【火了火了！在冬奥会中火出圈的，除了冰墩墩还有它？】冰雪是冬奥的“灵魂”，作为祖国的最北省份，黑龙江有着得天独厚的地理优势，在这里有一座脚踩冰刀、手握秒表的城市。杨扬、王濛、范可新、张杰等10位世界冠军从这里“起跑”，这里就是被誉为“冬奥冠军...全文,冬奥会
4741773059950947,我在北京2022年冬奥会超话等级达到LV.5，获得进阶粉丝头衔，老铁双击666，来北京2022年冬奥会与我畅聊吧！,冬奥会
4741773034783247,小西巴真是太恶心了，在韩国综艺里骂冬奥会脏，可恶啊白喜欢rm了，再也不想看韩剧了,冬奥会
4741773031638341,#平阳教育#“你最喜欢冬奥会的哪一项比赛项目？冬奥会在哪里举办？吉祥物是什么呢？”鳌江童时代幼儿园大班段的小朋友们开启一场冬奥的探索之旅。（通讯员：金梦）#冬奥#,冬奥会
4741772696093129,在冬奥会、冬残奥会的冰上项目、雪上项目中，都闪现着“友谊人”的专业素养和热情洋溢的笑容，“友谊服务”赢得国际点赞。@北京12320在聆听@首都健康【友谊人在冬奥】青春力量让志愿精神扎根冬奥,冬奥会
4741772486118688,#同城爆料#2022年2月13日，舒兰市环城街居民徐某在家中使用微信向好友许某购买冬奥会吉祥物冰墩墩9个，花费人民币4500元，付款后许某未发货，并将受害人微信好友拉黑。接到案件线索后，吉林市公安局刑侦支队立即会同舒兰市公安局开展案件侦破工作。通过核查受害人向对方转账支付宝账号、交易时间...全文,冬奥会
4741772430804734,#冰墩墩#晒一下过气顶流的周边产品（Y同学冬奥会期间买的）,冬奥会
4741772167611298,#吉林省有个吉林市##幸福江城##迎冬奥，冰雪有约，乐享吉林市#【来看大数据，东北打卡榜前三全在吉林】北京冬奥会虽已闭幕数日，但“3亿人参与冰雪运动”的热忱却有增无减。今年以来，抖音中“滑雪”话题视频播放量达197.8亿次，“滑冰”话题视频播放量达14.7亿次。日前，巨量引擎城市研究院推出“抖音...全文,冬奥会
4741771994597399,冰雪语者的微笑温暖“双奥”之城——北二外师生全力以赴服务北京冬奥会冰雪语者的微笑温暖“双奥”之城——北二外师生全力以赴服务北京冬奥会,冬奥会
4741771990926867,【乡村教练与滑冰少年的“跨省”情缘】北京冬奥会虽然结束了，但在“极寒之城”内蒙古呼伦贝尔，冬季仍未结束，零下20℃的低温，每日跨省往返，两天一次核酸检测，这是“土教练”陈波的冬季生活节奏。每天清晨，当他驾车驶上跨江大桥时，一种“回家”的温馨感油然而生。陈波与孩子们共同的“家”是莫旗...全文,冬奥会
4741771672159459,《在冬奥会使用Prada雪板，为什么会遇上麻烦？|法律专栏—懒熊体育》Rule40和Rule50，到底是什么？在冬奥会使用Prada雪板，为什么会遇上麻烦？|法律专栏,冬奥会
4741771512513782,#韩剧二十五二十一#冬奥会之后再也不想看韩剧了,冬奥会
4741771487347029,#冬奥村餐厅网红山东花饽饽#【#山东花饽饽亮相冬残奥会餐厅#外国代表团运动员】随着冬残奥会临近，越来越多的运动员入住奥运村，在冬奥会的餐厅里，有着300多年历史、造型各式各样的山东花饽饽吸引了许多前来参会的运动员及工作人员围观。外国代表团成员表示看到花饽饽后，就想立即吃掉它。@闪电新闻...全文,冬奥会
4741771156786758,报摘：位于张家口赛区的云顶滑雪场自2012年以来就是商业滑雪胜地。在沐浴了冬奥会的光辉后，预计这里将成为亚洲最大的单板滑雪公园。北京冬奥组委会负责人曾表示，张家口每年接待的滑雪游客约200万人次，是2015年的10倍，与日本的北海道大致相当。,冬奥会
4741771144466577,小蘑菇是一直是我的萌点，但自从北京冬奥会的新闻发布会上，羽生结弦把4A跟9岁的自己绑定，且在日媒和英媒采访时分别提到——死了也要跳4A、我想让我的小男孩实现梦想后，小蘑菇就变成我的泪点了。我手机里关于柚子的视频，90%都是蘑菇时期的，昨天整理内存时，我把蘑菇都转到硬盘里了。...全文,冬奥会
4741770896474671,这个正月，发生了三件可以载入史册的大事，北京冬奥会、丰县事件、俄乌战争。原本以为北京冬奥会就是今年最大的事情了，没想到另外两件大事影响更深远。丰县事件类似当年的孙志刚事件，对我们很多人的生活造成影响，也会促进法治建设的进行。俄乌战争会改变国际格局，也让更多小清新了解国际政治的残酷...全文,冬奥会
4741770754131673,同为易碎感长相，木村拓哉和羽生结弦是完全不同的吧，我个人觉得。我喜欢木村拓哉，我也喜欢羽生结弦，我还喜欢田村正和。以二十一世纪次元审美来看，最符合的当属羽生结弦，羽生结弦天生一张漫画脸。摘：作为冬奥会观赏性最高的项目，被称为“冰上芭蕾”的花样滑冰可以说是扛起了艺术性及竞技...全文,冬奥会
4741770590816543,【#这些瞬间温暖了2月#】这个2月，是冬日的尾巴，是#北京冬奥会开幕式#上护旗兵动情落泪，是#中国女足亚洲杯夺冠#热血沸腾，是范可新赛后深情亲吻冰场，是张桂梅校长在搀扶下一次次家访……#2月的最后一天#，再次回顾这些温暖瞬间！,冬奥会
4741770590291888,北京冬奥会原创交响组曲《冰雪相约》上演北京冬奥会原创交响组曲《冰雪相约》上演,冬奥会
4741770589503768,阿合娜尔·阿达克，中国女子速滑队选手！又美又飒还有少年感！搞竞技体育的女生好有魅力！北京冬奥会#金牌混剪#娱圈贰爷的微博视频,冬奥会
4741770426976383,春来无事，只为花忙|这里是新疆🌸在冬奥会开幕式的24节气倒计时里，有这样一处繁花满山的地方，这就是新疆伊犁吐尔根杏花沟。每年4月初杏花开满山谷，浪漫到无法形容。📸by本po#接下来的几个月新疆是这样的#北京,冬奥会
4741770393681936,北京冬奥会一起向未来2022年2月4日，第24届冬季奥林匹克运动会，在北京举行。“一起向未来”是这次冬奥会和冬残奥会的主题口号，是中国向全世界发出诚挚邀约，也是14亿中国人民向世界传递的美好期待。圆满结束的冬奥会鼓舞人心。在17天的比赛中，各国运动员在赛场上奋勇拼搏，团结互助，顽强不息...全文,冬奥会
4741769940176600,哈哈哈哈没想到成了连续剧…北京冬奥会美妆穿搭酱的微博视频,冬奥会
4741769604629442,“古典音乐从来不会拒人于门外。再复杂的音符形式，只要有一些背景的准备，只要对人的某些根本际遇有所共鸣，我们就能进入作品里。”～杨照。去年看到有人提“ducao”俩字，颇为震惊！那么，不久前的北京冬奥会开幕式19首世界名曲是最好的回答！图：部分新发行或即将发行的碟片。,冬奥会
4741769428469968,#沈阳232路公交车爆炸致1人死亡42人受伤#冬奥会都结束了，还不公布，让大家乱猜疑,冬奥会
4741769335409065,【冬奥之约】广州花都：“花都鱼苗”成品登上冬奥会餐桌【冬奥之约】广州花都：“花都鱼苗”成品登上冬奥会餐桌,冬奥会
4741768921220643,羽生结弦北京冬奥会柚子每天practice的视频有没有啊？求分享,冬奥会
4741768770490055,上上周六日本电视台因《2022北京冬奥会》，《名侦探柯南》《半妖的夜叉姬》等公休另：表2为全日本32地区上上上周推测视听人数排名,冬奥会
4741251129149420,#羽生结弦#训练合乐都滑得这么努力认真，看看合乐这段就能让人进入到情绪中，这就是优秀人的能力和魅力！结束谢幕时，和志愿者们比心那一下下真的🉑一颗柚子1207的微博视频,冬奥会
4741768022589776,北京爱乐合唱团《雪花》（2022北京冬奥会开幕式主题曲）雪花@QQ音乐,冬奥会
4741767678656609,【北京冬奥会向冬残奥会城市景观布置转换预计28日完成】记者近日从北京冬奥会城市运行及环境保障组办公室获悉，按照《2022年北京冬残奥会赛时城市景观布置工作方案》要求，北京由冬奥会向冬残奥会城市景观布置预计28日完成转换，确保“两个奥运 同样精彩”。,冬奥会
4741767444825009,【一起向未来|冬奥会17天我们共同的故事】@文明开封@中国文明网,冬奥会
4741767426998656,金博洋张国伟都是国家队培养出来的喜剧人，什么时候认识一下同框表演！北京冬奥会#金牌混剪#娱圈贰爷的微博视频,冬奥会
4741767289635449,#粤姐姐话你知##注重家庭家教家风#【以传承之名让体育运动在万千家庭蔚然成风】北京冬奥会的举办，让国人再次感受到竞技体育的巨大魅力。而其“带动三亿人参与冰雪运动”，更让我们看到我国为全民健身需求做出的群众性运动的战略部署。虽然并不是所有人都能站上奥运赛场，但是我们都可以参与体育运...全文,冬奥会
4741767176388769,赛场上的感人瞬间，张丹张昊的这枚冬奥会银牌太不容易了！#体育##体育精神#你的快乐君的微博视频,冬奥会
4741767108235194,刘雨昕#刘雨昕冬奥如约而至##北京冬奥会开幕式#冬奥如约而至，歌声传递温暖，不负热切期盼，你和我携手共赴未来。@刘雨昕刘雨昕工作室的微博视频,冬奥会
4741766664946375,北京2022年冬奥会和冬残奥会安保总指挥部第四次会议召开北京2022年冬奥会和冬残奥会安保总指挥部第四次会议召开,冬奥会
4741766304237505,#北京冬奥会纪念钞##冬奥会纪念币#都是一套一套的还有人生首个盲盒…期待！都好可爱的～我都可以只不过…要是隐藏款就最好了hhh,冬奥会
4741766202524009,#徐峥说拍短道速滑很不容易#本来想蹭冬奥会热度电影卖票房的，结果赔大了吧,冬奥会
4741766198855899,#韩剧二十五二十一#冬奥会还没有过呢，小西八又开始包年热搜了看到西八上热搜就恶心🤢,冬奥会
4741765498406822,其实真是想买，冬奥会前应该租用叫它飞一趟中国，然后就停中国了！//@司馬長正:能卖给我们么……,冬奥会
4741765116726591,北京冬奥世界羽绒服种草大会北京冬奥会终于开幕了！国师张艺谋的审美真的是神！但我的关注点还在各国的羽绒服上，最心水的是咱们中国举旗小哥的白色渐变羽绒服，好像是中国设计师陈鹏CHENPENG的设计，太适合我了，想搞一套同款！最好看的团体羽绒服非加拿大🇨🇦lululemon莫属，连平时不喜欢穿...全文,冬奥会
4741764797695060,【冬奥之约】冬奥会中国军团首金预测大年初五给短道速滑加油【冬奥之约】冬奥会中国军团首金预测大年初五给短道速滑加油,冬奥会
4741764689432535,中国冰壶男模队队草许静韬，不仅和凌智长得很像，还都来自黑龙江哈尔滨#冬奥会帅哥#,冬奥会
4741764436984640,#北京冬奥之约#【#冬奥网红口罩诞生记#】与“一墩难求”的北京冬奥会吉祥物“冰墩墩”一样，赛场观众席上五颜六色的口罩也让网友直呼“太想拥有”。冬奥会期间，人民政协报·人民政协网记者实地采访了全国政协委员、北京市政协委员、北京纳通科技集团有限公司董事长赵毅武及其口罩研发团队，一探...全文,冬奥会
4741764436462297,#雷佳波切利郎朗永远在一起#2022年北京冬奥会的圣火已经点燃，全世界人们目光又一次聚焦北京。由中共北京市委宣传部、北京市文学艺术界联合会、北京音乐家协会共同推出冬奥主题单曲《永远在一起》（ForeverYouandMe）今日隆重发行。（歌曲链接）歌曲由中意两国艺术家强强联袂奉上，中国著名歌唱家...全文,冬奥会
4741764432531260,#早安##早安深圳#大家早上好！今天是28号，也是2月的最后一天。回顾这一个月，我们共同经历了春节、冬奥会、极端天气等等，还见识了深圳疫情严峻的形势。愿3月一切都好起来，过好每一天，加油！,冬奥会
4741764429122788,新阶段减肥，此次计划三月一个整月。昨儿老哥和他的胖爷吃完饭，看人家瘦了以及了解了人家减肥过程，终于有些坐不住了，回到家就开始看游泳馆健身房，还要准备拿出珍藏已久的健身环～明明一个活生生的减肥案例在身边（我）不过好像最后也没啥动静～因为冬奥会结束，我终于可以开始游泳运动，以及夏...全文,冬奥会
4741764425188782,潜龙爆料幽默话题韩国冬奥会亏损130亿美金，北京冬奥会呢？巴赫的回答令人惊喜！#巴赫##冬奥会##北京冬奥会##潜龙爆料幽默话题##蛛网搜奇趣##杭州##我的大余杭#蛛网搜奇趣的微博视频,冬奥会
4741764324000823,《冰雪荣耀——第24届冬季奥林匹克运动会中国国家队夺金纪念》系列邮品27日正式发行，以纪念北京冬奥会上中国代表团取得出色成绩的历史时刻。,冬奥会
4741763912959054,#每日听新闻#冰墩墩不加班冬奥会落下帷幕，冰墩墩你抢了吗？我是没有抢到！！有的朋友说咱们去义乌买，那可以买“全世界”实际上，义乌没有冰墩墩，因为没有拿到冰墩墩的特许生产商～引申为，奥运吉祥物，管控非常严格！从办奥运的经费说起，门票收入，特许商品，价格和卖的日期都受到管制～...全文,冬奥会
4741763690139785,唉，韩国塌房的圣地，希望西八好自为之吧。冬奥会真是让我对这个国家厌恶，之前喜欢的明星，唉，连刘在石都塌房了。所以明星不要轻易有政治立场啊。,冬奥会
4741763515023536,北京冬奥会向冬残奥会城市景观布置转换预计2月28日完成北京冬奥会向冬残奥会城市景观布置转换预计2月28日完成,冬奥会
4741763208317039,期待更好的你！#谷爱凌长文总结冬奥之旅#2月22日，@青蛙公主爱凌发博：我一直说我希望成为自由式滑雪运动的大使并通过打破界限和记录搭建桥梁，我很自豪地说我度过了人生中最美好的两周，充满了快乐、挑战，鼓力和爱、也经历了不可估量的成长，并成为：历史上最年轻的自由滑雪奥运金牌得...全文,冬奥会
4741763123905315,昨天跟万哥说，妈妈给你做个小熊猫吧，万哥看了下照片说，冰墩墩，我还挺惊讶，他居然认识，然后又说出了冬奥会，看来电视不白看我问他，那你知道俄乌战争吗，他说那我不知道,冬奥会
4741762713913540,标题：邢台市市场监督管理局走进直播间今天走进《行风热线-文明城市创建直播间》的是：市市场监督管理局三级调研员祁晓军。节目中祁局长重点介绍了近期我市12315投诉举报热线运行情况和冬奥会食品安全服务保障工作，并解答了群众关于食品质量监管、12315热线反馈、预付卡消费等方面的问题。...全文,冬奥会
4741762403010484,"羽生结弦日本网友看到在我国上空出现的羽生选手,都盛赞中国盛赞羽生,羽生选手真是中日友好桥梁大使啊一届冬奥会,巴嘎变樱花🌸,欧巴变西巴😄",冬奥会
4741761819213957,怎么开学了还要听老师讲冬奥会,冬奥会
4741761777271961,办奥运，还得看咱，这格局，纯纯打开了！冬奥会#娱乐综艺##明星日常#鹏娱Serv的微博视频,冬奥会
4741761749224465,#北京冬奥会#【苏翊鸣日本教练感激中国外交部，两个女儿穿上中国队服】佐藤康弘，这个名字随着本届冬奥会苏翊鸣的成功，也随即被大众知道，除了与苏翊鸣感人至深的师徒感情，更重要的是他搭建了一个中日友好的桥梁，而在2月24日这一天，佐藤康弘不仅感激中国外交部对他的肯定，更是晒出了两个女儿身...全文,冬奥会
